Do,Mem
64,12.2451171875
128,15.48876953125
256,31.07568359375
512,92.99560546875
1024,334.31494140625
