Do,Mem
64,8.19580078125
128,8.21630859375
256,8.25732421875
512,8.33935546875
1024,8.50341796875
