Do,Mem
2,8.17578125
64,12.2451171875
128,15.48876953125
256,31.07568359375
