Do,Mem
2,8.1796875
64,8.19580078125
128,8.21630859375
256,8.25732421875
