Do,Mem
64,8.19287109375
128,8.22509765625
256,8.28955078125
512,8.41845703125
1024,8.67626953125
